"","cluster","SLC16A7+","Ionocytes","Brush+PNEC","FOXJ1hi/TUBB4Blo","Ciliated","Secretory","Basal"
"1","KRT6A",7.92144825053578,1.05425946993782,3.43793758131704,0.948716875868507,1.80696530046804,3.40788268383842,147.843201839608
"2","IGFBP6",5.15173810937347,5.15173810937347,5.15173810937347,5.15173810937347,7.87862332148606,6.03536784924062,144.051667680697
"3","KRT16",2.80089430129184,2.80089430129184,2.80089430129184,2.80089430129184,3.83576221400228,5.16641811865801,190.257950911116
"4","LGALS7",13.7812897020209,2.29037207013815,4.97199257141217,2.29037207013815,5.14139289590539,3.96025618830511,181.700075307919
"5","KRT5",4.50682142434495,1.79796896294349,5.60319400450995,1.25632495587005,1.00860923217135,2.76742775015435,132.818421950827
"6","KRT14",13.2466782197975,1.59483297458878,2.61547382151424,1.59483297458878,2.97184752476726,2.08269769686781,154.320350744525
"7","SPRR1B",6.02831227924808,2.99384528221105,1.97329980710926,2.68977049756253,2.26170467277365,3.5238617170666,181.523614055553
"8","KRT13",2.47567840380683,1.49673806995706,1.77690584678531,1.40144823687485,1.38224237319309,1.99040162327642,168.790448364943
"9","LGALS7B",16.4596819772058,2.73550565288676,5.93829883036805,2.73550565288676,5.81786800637559,4.72993158239788,179.569720917416
"10","LYPD3",3.76611938859658,15.1482500359508,24.8024924025354,3.76611938859658,5.46038333989132,7.75743328671729,158.511893984844
"11","KRT17",21.6470004588394,4.54028725616853,8.77070916674684,5.72262042631792,4.15321937795139,7.99104332280472,155.089148170979
"12","PKP1",11.6588914745198,2.60338509526271,12.15383048515,16.6356637839159,5.21902710657304,6.10814982960776,114.067469157682
"13","S100A2",3.15915462574852,1.01735898658228,7.37721277082898,3.17640487281947,1.95329745376506,2.83915017000596,134.583958941511
"14","DSC3",17.1060411532218,4.36647405983503,7.13978939324142,18.2946209811589,10.494810419207,17.0586889312148,133.702288376556
"15","IL1RN",3.92842153127697,3.92842153127697,9.53159286208981,3.92842153127697,7.7519671313155,10.1957521631654,171.6409412017
"16","SPRR1A",17.7243211445362,17.7243211445362,29.0673059162191,17.7243211445362,17.7243211445362,17.7243211445362,168.382858270234
"17","COL17A1",5.71271874703195,5.71271874703195,15.8309348721894,5.71271874703195,15.3361119717084,9.50915513370628,139.088209600177
"18","KRT15",4.99452449590684,27.4503460401993,11.1589192151198,1.96104772895615,4.36136708819622,6.76028676311539,102.416064597757
"19","C10orf99",18.3909039431898,18.3909039431898,18.3909039431898,18.3909039431898,20.0738274506353,18.3909039431898,126.649737524993
"20","S100A8",3.65843198067375,1.70018879513226,5.13887811825055,13.4337208526358,3.36497253826095,32.7705434098909,198.209338141375
"21","TP63",8.39137021431203,8.39137021431203,25.5231901457989,8.39137021431203,13.3711992458666,8.39137021431203,125.059178329428
"22","DAPL1",7.66506403081655,49.1339687273302,39.424407985935,23.5643878864825,10.4702922392689,11.21777195844,109.585040300803
"23","PLP2",8.32281556702282,32.5312190322755,21.6355978961904,9.96180323189025,24.9471335136838,15.0041935234799,103.010928318482
"24","LY6D",11.6025985048365,13.2780626964678,10.2190923566335,10.9289366750774,18.3264377504948,39.5635397666965,201.734427286604
"25","KRT6C",16.7957422839118,16.7957422839118,16.7957422839118,16.7957422839118,16.7957422839118,16.7957422839118,140.258512455526
"26","CLCA4",20.6734393338683,25.3053935097436,6.56620992729128,6.56620992729128,7.47510931141145,19.8873488316379,160.788603204269
"27","SERPINB13",35.5584532199728,16.7484753862698,14.4535360507177,15.6414623019885,37.5099636066872,8.86335953730805,101.672145629646
"28","SFN",23.5305557263172,13.395439086553,9.10722327921171,24.5326392679348,33.1633253210069,11.1896578931109,145.463865998464
"29","POLR2J3",16.6801359597477,2.12755915736861,35.7919468298657,11.2217649789903,8.77760746572878,15.9718354085587,167.884401326447
"30","UPK3BL",10.5088855266994,1.69384117136523,36.9341549555504,14.55048983154,6.9090427497545,13.9596596384707,168.840816392112
"31","CLCA2",23.6521750433412,26.2229289587229,7.37378508385021,7.37378508385021,13.4664004299855,9.8947706178115,109.299080775017
"32","GPX2",21.6081871005504,7.46926046146442,24.1775770990177,31.5202021843663,36.3784957383156,11.2153711956154,116.673962497053
"33","CSTA",5.54851063373852,8.30476014783999,11.9969170156945,14.6666518260023,6.22044473005994,8.42334972290593,123.416059930572
"34","SERPINB5",16.0269360842864,4.16103811802726,13.9047171205498,12.7921066059494,39.0860360272179,9.76915424718531,116.92967722752
"35","TUBB6",31.1008480742971,11.2905872820125,40.0341739018808,11.2905872820125,24.0569158878903,12.851177218184,120.974331307122
"36","CAV1",5.69219255281333,20.275592206465,9.33500927439772,17.4992710693313,12.7675278761178,16.9495996959675,129.380995498394
"37","ITGA6",24.0139446119822,41.0907267999787,54.9861537708572,9.9603129502061,14.1316388938749,14.1512431167314,124.075214881443
"38","FAT2",21.9194746728002,11.6025828649474,18.9718287428658,11.6025828649474,28.556608520688,23.4362609309168,114.853608078007
"39","DUSP7",16.3564433617364,16.3564433617364,16.3564433617364,16.3564433617364,28.1207400983668,36.7006248943233,135.562183592945
"40","HSPB1",13.9057824241981,40.3182030281502,12.0134084033775,24.3695441515585,32.5231539259082,18.4257674033103,135.526209604454
"41","SPINK5",6.74695155761672,23.993760242731,6.74695155761672,28.4720660527762,8.78013209027597,18.851746477076,129.24109050079
"42","SERPINB1",17.1556230141938,1.36697569181317,8.63014412552351,14.4059137779208,22.2933198484698,19.8057020099133,124.675847444305
"43","ANXA8",28.8188056124036,1.85856337663858,3.04798303940054,1.85856337663858,37.5859277829439,5.06542952244303,118.794784315655
"44","ANXA8L1",28.8188056124036,1.85856337663858,3.04798303940054,1.85856337663858,37.748061381065,5.06542952244303,118.794784315655
"45","GPNMB",6.72878187662927,6.72878187662927,15.7977099544627,6.72878187662927,8.08135621488971,6.72878187662927,19.6117257496836
"46","LAD1",7.19323144343235,39.1575571128278,39.7185037704876,3.39662972626435,10.2640347343184,22.6503796669278,141.74818239707
"47","MT1X",3.46289962109028,10.0789702885743,4.61929971223989,8.01333134113913,4.1241449984899,21.1954871726234,54.9065958478194
"48","PVRL1",10.1172453103864,15.3722479220496,28.6892066970014,7.97066741464735,7.27896026152966,19.5097844008744,130.959871168124
"49","KRT4",7.87092127415513,3.19282980060218,17.589446458295,8.51493296818544,6.76553023703913,36.5885860840022,205.428272684181
"50","THBD",15.9900129708967,15.9900129708967,15.9900129708967,15.9900129708967,18.6522107751722,21.4805527316349,136.982623934545
"51","CXCL6",2.47723664508299,2.47723664508299,2.47723664508299,20.2608529883338,4.15199137051771,69.5352152343347,2.89744342832025
"52","MSMB",1.58457603340148,1.12247117798962,1.12247117798962,11.8977174622413,2.09923374502204,52.6082880376331,2.11945276075814
"53","RARRES1",10.6967692258724,6.65357850499205,1.08666208515265,37.6007187709531,11.917048603603,147.276179982856,1.74288715673327
"54","PI3",2.44159168437938,12.2786134747349,2.76968221691223,38.8642551096858,1.84185417590777,190.625531864134,2.29696782641804
"55","TGM2",9.66707818984528,2.57388430768235,2.57388430768235,15.05548157649,9.66247894993313,92.1580270085698,3.78953310696303
"56","SERPINA3",1.60662911493285,1.07219413847309,3.92909298865453,44.8067638376547,1.65370134142219,143.447615549572,2.51292794455153
"57","CXCL8",12.0085970602822,3.04274475235489,10.4373805848495,3.04274475235489,4.46282989989815,119.74639094021,8.19344029635713
"58","CXCL1",3.72573616411208,9.68007492839484,5.2411420561722,3.89972019931906,2.0426299615503,103.321553642689,6.66367933441268
"59","ANPEP",10.6423320451918,10.6423320451918,10.6423320451918,10.6423320451918,11.4691206555041,121.735786191334,10.6423320451918
"60","CEACAM6",2.96871298689345,11.7465160375255,10.5661630605193,18.2241331802262,3.50021153871565,91.4738894437583,5.14827286626037
"61","UBD",4.27098714142988,4.27098714142988,4.27098714142988,46.7979924329751,5.81917188665782,52.0406487307269,4.27098714142988
"62","IL1R1",14.1542841030696,30.8298312527616,13.6709771291029,18.5471504229754,14.9423911299202,122.89445870982,10.0247268862025
"63","CXCL2",9.97827910714799,9.97827910714799,9.97827910714799,9.97827910714799,10.7079201544986,110.490175084488,13.1147962545909
"64","CILP",3.244923487032,3.244923487032,3.244923487032,3.244923487032,3.79454705549435,40.948632808215,4.4682537934204
"65","SERPINB7",22.6837814718226,13.3699726145766,13.3699726145766,13.3699726145766,15.0402552117284,78.1519298592673,37.4152467353656
"66","HLA-DRB5",8.16576354285425,7.28925546147036,7.37596668867412,59.14922323729,30.3927901202212,92.9391255872925,2.94913936147384
"67","HLA-DQA2",9.6929828436388,9.6929828436388,17.3150500321572,41.8645877546508,12.6479918841437,38.1812842080581,10.6141886572949
"68","STEAP4",11.2021501321854,3.4923742700363,3.4923742700363,59.4007672544715,13.9161393557733,121.536633166805,11.3370902707723
"69","PDZK1IP1",11.2188235258685,24.1317844623723,4.47921388581007,34.2127854335552,20.7042331272566,129.601712961385,9.82816216783649
"70","HLA-DQA1",12.6547468772946,3.92902058845868,6.79884601024462,84.8365303319148,27.040842191786,89.2519385627326,6.71535831883841
"71","IFITM1",14.7135650790024,10.3970251395945,4.78685530444402,61.7963388670086,18.0654673201769,82.9063400718412,10.2558328167416
"72","CAPN13",16.5298178869851,43.9881712140877,15.5884247583916,31.0287664556907,7.63631895959246,147.950908334244,7.18414576722718
"73","VMO1",14.276085352683,2.52801591610549,4.02938502117151,78.6309423451919,7.76685280185729,152.436335399899,4.29604244544525
"74","HLA-DRB6",10.6651325703607,42.8977624372631,10.6651325703607,50.4864887097103,15.7704185309608,32.3968133707958,10.6651325703607
"75","MUC5B",4.4734478907226,10.2699175797334,3.45569332012268,111.211494260322,2.93390346879365,213.672834219531,1.18840985422416
"76","XBP1",8.94975665743275,25.345624998986,7.93910810643074,41.1110619937517,9.18601255358579,96.4967130487915,6.38929609244557
"77","KNCN",10.997875067532,44.2361338548024,10.997875067532,10.997875067532,16.7074734569307,41.4001503926111,12.8150766075198
"78","PIGR",22.726806408465,4.01738630278087,2.50675030899921,52.0345937717014,20.8496232404767,82.5802525842548,0.908239692195176
"79","PGLYRP4",28.0421383516622,19.8642989704762,19.8642989704762,19.8642989704762,25.920564302935,61.8993241203877,39.4029100260341
"80","PLK2",6.37284964052158,25.5515844194565,50.1059436828468,14.6241904974662,8.41391882791379,85.6880361580176,16.8489211315356
"81","PRSS23",28.1926751685573,7.03731856328611,9.07114273311251,61.5161103397647,39.5983683015604,135.202705674186,14.2575771467663
"82","CX3CL1",8.98225267243315,23.903038203118,3.90384291938473,18.9717033864216,14.6174127389865,119.707904761566,5.10059646761239
"83","CD74",17.8185576033213,9.38528459792297,5.35208979982509,68.6746679198196,49.1525018707071,92.7465656895621,3.38613749982972
"84","HLA-DMB",43.6531520693063,11.3251468044015,11.3251468044015,106.787614216744,39.2437858210465,113.524496066632,13.2462000545272
"85","SLC6A14",23.2937333651207,3.27605738691436,13.5406001250833,51.0220010422186,14.5573591296784,115.700815001863,32.3008326376701
"86","SCGB1A1",1.08897476243171,2.89791303752844,2.65845679623768,12.6115358728729,1.04444129805343,40.4057447562692,2.07338275479047
"87","CFB",32.4756509595296,13.1345965425818,3.12726320351641,107.254395773897,27.6317004051994,180.1979162252,3.41656766019321
"88","HLA-DRB1",22.9152764226003,4.52821007880369,7.34193915112215,87.3364734840406,45.9247895402129,103.706785446171,3.68378843806045
"89","IFITM3",27.2679334101038,22.1099367578402,13.5833217370771,72.5188015834503,38.7687148250079,127.316544768757,37.6825474201453
"90","AMOTL2",59.8955245747806,8.07687449896147,17.5755038372829,49.3512079854162,28.9521376492125,85.4291270591452,20.4980727419874
"91","C3",17.7469164696921,7.72413303567624,5.00745544771837,69.8363367527816,10.9368868467155,119.142856088583,2.74929975361617
"92","CTSC",6.83592090766409,3.7452330132259,26.5900199833074,51.0798765182324,5.10160074604292,87.2059404044084,29.4941039284178
"93","CA13",64.8086785543506,17.1934435571447,17.1934435571447,17.1934435571447,41.4866183114107,126.80591414659,33.0802239307436
"94","CFH",32.5222660099707,8.74937761467854,20.8459746764877,42.5197940463341,48.01381698787,101.900938080886,39.7139477287629
"95","SLC26A2",46.6699899522659,126.441300327715,11.0394941055097,72.2646309275873,22.3726359697356,148.58604452197,51.6331733645553
"96","CREB3L1",8.97721995929472,34.5971399344509,39.6107306089542,8.97721995929472,11.7101137845403,115.384493951983,13.1491860082825
"97","LYPD2",28.0388663064279,3.31463558841199,3.31463558841199,70.6981806190419,23.0914211168158,174.857060333099,6.88481419605907
"98","HLA-DPB1",21.4395440034541,26.2558635928517,7.3711006657186,105.231642545218,45.524484966596,91.514105808827,7.3711006657186
"99","HLA-DRA",12.9998440610852,6.98608060558622,4.11189646204347,73.7827362796038,32.7699014699535,78.6355424523588,2.80172560586772
"100","PODXL",22.7250545738651,9.15945539254455,18.9245414205457,55.9659789400876,39.9705013026688,73.8206346294158,14.0229008219392
"101","C12orf75",25.1317892955372,36.9068720843867,3.15376454886232,3.15376454886232,109.092396873036,8.4714177934885,9.71724555717244
"102","C1orf189",41.7313564066949,8.12242385394187,8.12242385394187,36.1501114106771,93.5982360690743,15.1627157094846,11.6269073565546
"103","C20orf85",28.6985312604169,6.82900855860873,1.73410416554671,3.55690345666378,95.8462158833675,3.11533660581673,2.82900146233803
"104","CTGF",29.9080659490913,7.51423734833554,4.29907981561491,1.22722484136136,101.837094552803,3.06889742794416,2.50017794421935
"105","C10orf107",28.5558028750303,6.27084385949366,6.27084385949366,6.27084385949366,102.131883797534,6.27084385949366,9.0373145304089
"106","C9orf24",38.5357283630162,2.49659924887638,3.16693103780892,3.24261257001944,99.9823666478329,3.93181807226306,3.15798012412108
"107","C1orf194",36.5297274296087,1.19214357502203,2.88676062007866,5.3058205074652,94.7779440217058,4.70355827014423,2.81898330483261
"108","ROPN1L",42.9712479087687,7.10949454449094,4.51466374470167,13.5374154535664,86.966943917788,4.65793901049699,3.02303466930829
"109","VIM",30.5283934808388,25.5411138072279,11.1822974486269,4.17137333933308,98.8930434878489,14.9934443569355,4.98722887896978
"110","RIIAD1",46.3030618752118,7.11955900297016,28.9781643807682,45.5176176979288,108.150263007833,10.6431520728061,8.94795470876858
"111","PIFO",36.5346327759138,4.6108990011283,1.14634998008335,7.18079487215948,88.1418436321776,2.77114671328123,3.43728179781303
"112","CETN2",31.0783452201857,5.28861968540786,4.55097736694433,22.0679117111429,101.270811420397,6.96284475568809,5.61869334883778
"113","TUBA1A",48.0775758222925,4.90452115958122,17.3042313955464,10.9678697798141,93.5764388410057,2.86395091468276,2.97741187729141
"114","CAPS",40.58450163244,1.27488465065147,4.07874027522278,17.2403191809123,100.837509717746,3.02237152623281,3.25704979249417
"115","C11orf88",40.0247661403736,3.44955498113136,3.44955498113136,33.5114150274353,112.045740877391,4.58523835855288,5.01716116275901
"116","CRIP1",35.4580706017836,4.50959475503317,5.07021864722337,11.102358539075,118.234522972072,3.89676600890551,2.14421504987778
"117","TCTEX1D2",22.6703478067596,3.14488905356542,11.2336567339219,19.6997457859344,91.0937242544642,7.24838902665209,6.67948554306503
"118","PACRG",53.9866456093617,54.4720784890892,5.18213875316628,5.18213875316628,91.2717829459552,6.1418562817406,6.06136587862104
"119","C15orf26",43.7174634826861,8.69728734415291,8.69728734415291,64.1823740692113,92.0774172802506,10.5379869740258,14.6138477271561
"120","IGFBP7",55.6374521103572,11.2301640437626,2.71221969215149,0.787079453275998,105.68226044052,0.924216838742297,4.86224190658682
"121","NHLRC4",52.8949167191784,15.5057517471037,4.52496330232457,14.4808781589243,96.0877418185176,8.80386816748974,5.67991862539266
"122","C2orf40",24.6551894084083,12.3947252251389,12.3947252251389,12.3947252251389,109.669502021315,13.692774832274,13.3872608415127
"123","UFC1",27.6258008397303,1.46303326103352,38.5324346707864,24.0082535158029,98.4490049184684,19.3869577750201,15.5893564876514
"124","C5orf49",49.6052440224282,22.6978132177276,3.70700563930759,16.4986054988921,94.1766067677813,4.32111533720775,8.14259123581747
"125","HBB",37.5810689414413,7.42438070360723,7.42438070360723,7.42438070360723,108.967485344791,12.1321855374481,8.01223906611348
"126","IFT46",44.8456182388112,4.89189188182973,23.7599389272064,21.7721261186473,105.254095042707,16.7620112779609,15.27614494366
"127","CYSTM1",17.7373153897461,13.2998805126822,14.2644639971769,14.4820566818531,102.561230403109,19.5566076920545,13.0500170853426
"128","FAM216B",26.9872041359554,16.796513690521,2.74790739199223,2.74790739199223,88.6438085092963,8.01701881263221,4.35175479483353
"129","C9orf116",29.7913810454572,1.03906697456308,6.78139589016375,13.519817402571,93.4893301715001,4.25193571220828,3.48523102608383
"130","MSRB1",35.8385369499197,7.89520860485084,19.1181479859658,7.89520860485084,100.564384870365,29.8156431976442,24.9437128104592
"131","C9orf171",56.4511238443502,16.3118091164468,4.76019085370901,4.76019085370901,88.3290419858176,8.08113143245593,5.95218084468903
"132","C14orf142",30.0281261263709,4.98534658390802,29.5054693318928,22.1880608140944,85.302092396151,9.92978018823406,5.9739030891541
"133","FAM81B",35.0971789672874,3.60013330450574,3.60013330450574,16.0229535408954,95.4336578572429,10.4572094022224,4.37117726457701
"134","SNTN",49.1498069039058,18.2510724241433,2.32983836887049,0.842296618438465,102.125435646792,2.23303898868034,3.56392724322266
"135","CARS",24.4298727947653,19.8092955107632,23.3727238607128,12.7550076897365,90.7344943880701,14.1496865684926,12.1780444406878
"136","CKB",44.8649358032381,1.11060039342381,14.3821072880341,19.6484800350174,97.6431038432157,5.35115274995242,9.06937806402992
"137","B9D1",46.1572320506773,10.339614202224,10.339614202224,50.2479474265175,98.9189308392547,16.5846605286807,17.894596190397
"138","WDR54",42.0527975639936,11.955541688491,14.0895151309291,3.4889238704559,92.6574300969888,7.03852476069338,7.22263969085999
"139","C9orf135",54.6420031968137,6.65570811074478,20.2374369823859,27.886037012642,104.096804504775,8.76934257527722,9.5428253238575
"140","ANKRD37",46.1811249672925,8.19351079748933,30.7564312850449,8.19351079748933,88.4045879393402,13.3090740100317,8.83159692303714
"141","DYNLRB2",29.1043789683648,4.0508396120208,4.0508396120208,4.0508396120208,98.4619832373684,4.64063085638558,4.41361198076659
"142","PPP1R14C",56.3150732989341,24.1112836536838,13.6091424666925,15.9425194714276,97.434387412833,10.7760466503912,35.2881211677252
"143","CAPSL",39.245460129049,2.84606095564934,2.84606095564934,2.84606095564934,90.3760879320512,6.30174690904503,3.69953539310088
"144","SPAG6",47.0975155100197,3.06583480598237,10.1483417783152,23.4243522947984,94.8291868703655,4.42853685752107,3.2346454803905
"145","MORN2",35.4441773487557,10.9398419169844,3.8872301569043,8.6814006156367,88.1689157539582,5.67184354159756,5.66410039470938
"146","TMEM254",48.8371816811466,22.0653839325133,22.0676594759981,17.1253213191852,98.9215954306332,34.6512235242816,28.5058392377202
"147","WDR38",61.8281117263689,6.09531226376097,6.09531226376097,6.09531226376097,90.0733547323736,7.95696536223532,8.26198306135372
"148","IFT57",39.1197040447446,14.5120824045648,11.3993719279035,22.6602711809173,96.8870254775413,8.4600872112989,7.22733021393955
"149","HIST1H2BD",45.6771135932143,9.29199202812749,9.29199202812749,9.29199202812749,102.066048040806,25.3363262354567,29.2085078428276
"150","TPPP3",36.5817763398045,0.918673626176756,2.44366802849586,19.5379183232924,105.304629931407,2.66757397229665,1.8633547862683
"151","LYZ",4.11682975194923,3.37437482327224,2.06474797219093,51.4188809029405,2.35299779644429,5.93641903821753,1.02928099712755
"152","E2F7",13.963085490568,4.34262274761724,6.93177084068516,89.7206786888968,9.51214059458834,5.64905252529159,5.13661402719565
"153","TYMS",13.1165146151719,6.26698088574193,6.26698088574193,53.0661511957621,8.88061515341665,7.4276081274598,11.2515033120251
"154","CDC20B",9.11329480245626,2.66293727090904,2.66293727090904,77.1923761108815,3.60759306468809,5.98379302456926,2.66293727090904
"155","CDK1",9.69546787162143,4.07072481363214,4.07072481363214,75.0116040883493,13.8115744232724,9.20591845341293,7.91745593936799
"156","PLK4",14.5631320099972,10.3161322637133,10.3161322637133,43.2224552739632,11.7129336165884,10.3161322637133,11.1902059459018
"157","CCNO",6.90887184827613,3.24769657411252,0.913239577194379,73.3941578756107,3.59088352932974,12.5941561678966,2.07582494135107
"158","STIL",15.4560708948985,16.5700101694919,10.867018743469,87.163409316158,15.9376910213937,5.44051100994585,7.87389067665515
"159","CDK2AP2",3.5828099790202,35.0001654085938,10.6424503969063,75.3708903003091,14.6931856045658,12.6570491399481,7.4873261183905
"160","USP13",12.0810738982119,5.19355072115667,25.9218952844595,60.4274840028445,14.5168120731166,10.3320012500328,8.02068008038112
"161","HYLS1",9.56347215670594,5.40189439622051,16.2655340031558,98.0962992665962,10.1342806765152,13.7983807526934,8.71531962850624
"162","KDELC2",17.2839576255091,2.49956543110516,11.0175019967532,53.6325842827665,11.5482594766914,10.5661446438696,7.81693469888396
"163","GGH",8.19819274515229,8.19819274515229,17.8394957195058,48.2014413304834,13.4429869194103,22.3286266627255,20.952424077615
"164","MYCL",6.24402211022879,1.41653182311522,3.54970852696595,119.287910457181,7.49459446328488,26.539246456383,7.97521910744343
"165","LRRC26",9.23587449569433,55.9909649353897,8.18951003653369,107.622728325319,9.70329401873645,14.2958425972363,4.73267867729986
"166","BTG3",4.5525533751847,3.03817539380453,8.94438576822167,121.341956965101,12.1816421349234,18.3059696604393,12.8779631456002
"167","DHFR",6.00947870115155,18.1036282164836,6.90759601564851,114.823424080865,17.3384147056,16.8986269702354,13.1737323514183
"168","SLFN11",4.70123615329424,4.70123615329424,10.9645403809711,74.4491747451725,25.8634249010096,16.3217933771125,11.0317808178128
"169","DGCR6",18.0181834265737,4.78081507330846,11.9803168235565,14.6974611494513,24.6536240241095,12.4762336195163,12.608095512888
"170","PIGW",11.9085864750917,11.9085864750917,11.9085864750917,165.383924258645,29.2058558297702,35.6558351611784,25.3140941031815
"171","PCSK6",29.0339367393481,11.4765569035003,11.4765569035003,11.4765569035003,22.9083740690198,17.2688458392276,14.7253208667573
"172","ARL4C",18.1562231443391,8.30059692423526,35.3004619341329,88.2334532295606,13.9431554851687,19.7676464559242,13.3012241353946
"173","RTTN",10.6193247265142,10.6193247265142,24.7671061367382,78.3662129339409,22.0361381287684,22.1098640023972,17.3896043028988
"174","ARNTL2",16.2798928685548,19.9371146323891,20.0330340493583,98.5099210286863,16.2974229698284,24.1730185574164,24.2818603528106
"175","TM7SF3",26.1592737461007,30.0634519599043,1.92638722903873,67.581206642088,24.9028219445495,23.9101763838246,20.2398822128715
"176","PAQR4",8.06626899528451,8.06626899528451,13.2284168502964,106.438931645696,15.8777330079539,40.2945582473657,9.03383037991926
"177","E2F8",17.5349530448495,17.5349530448495,17.5349530448495,53.9069776141286,31.6832918169625,22.3816868545009,21.7929666330718
"178","FOXN4",20.5673445136945,11.6173938976502,11.6173938976502,67.9538933707525,16.9289581923835,11.6173938976502,14.0612921199561
"179","NEK2",16.115729609243,6.69077545456005,18.8088821107075,118.637834235425,17.7183589072045,17.166978084611,23.3457921244777
"180","PSMC3",11.3927762176302,7.34993172182282,16.4358058123732,120.167872905241,25.1176905903624,28.0520496861155,28.0434221073331
"181","HELLS",17.4602118288357,17.4602118288357,40.7218849288032,77.7093899821678,21.763594572786,20.4008097480149,24.2187295165034
"182","TACC1",9.99899653403384,7.08302106158854,40.5873615733134,100.433692563786,23.2291250947668,34.4046475296985,31.1742461966512
"183","LAYN",32.2776945297937,36.3898753564308,26.8902781356268,85.8036179781322,22.9443689773721,23.7519135075249,13.4894379479513
"184","OAT",8.58209467350156,20.691215390193,16.9984615351249,135.581275920161,12.015909362079,26.8718762504719,18.7193654856986
"185","CASP3",26.5087432053287,36.6245296853902,26.7022200021952,83.5370922079553,27.3858388319821,40.3177426874565,28.5558860306224
"186","PRPS2",11.086550968105,30.2661308302985,51.7158101051824,114.570293142979,27.3514608353958,26.432260892127,24.410499538994
"187","YWHAH",10.6600267205441,58.2929789990528,35.791019348988,70.4363243656605,27.1428931031013,15.2026364148547,16.1178595789726
"188","LCK",40.9495851091004,13.0062331632132,26.5425484323665,54.4934202867003,13.0062331632132,13.0062331632132,13.0062331632132
"189","AMD1",19.3568922104392,4.70618746376502,36.1664806819843,77.5228553616956,18.7419540385761,40.3731505761071,33.7819721151821
"190","INSIG1",24.4777135771309,52.2368165401293,13.7841965739028,112.038785309538,20.9086173159862,59.4085302580944,15.132479443886
"191","CDT1",22.3366739019498,13.2551377383319,13.2551377383319,117.736190027778,22.3894250666161,35.2746532402777,18.9450819559484
"192","BAMBI",12.9294306993603,12.9294306993603,30.8052294471886,76.0188513084527,29.039583353772,41.1623435084634,15.4910613434526
"193","DPY19L1",46.1142244010677,7.33885685854539,11.7144124490067,165.717813393703,38.9087060817745,19.5436075164595,34.442816170822
"194","CENPM",22.7942242265177,39.652546811708,11.1501411103653,83.3439429946099,34.0536764549617,19.1922124931821,12.1105305937913
"195","ACTL6A",15.1989113579543,22.4893155371631,30.3692239925436,93.595363137526,28.1091931866337,19.3734123704244,32.6795667001074
"196","GADD45B",10.2185612329383,81.1736100228033,17.6823772502188,110.978050556835,23.4475669127308,59.3214354504608,14.7224862177056
"197","KIAA0895",10.6974652768147,10.6974652768147,29.9158715676763,158.350540181089,41.8041330546539,14.8101769226999,14.0570639780868
"198","TAF11",29.8354315976964,5.82788967468495,37.3397751867991,54.9161774786091,24.6579089042351,30.5399222479928,26.6156510648567
"199","TCF19",57.2352176708935,10.4406647657957,10.4406647657957,146.090921883344,20.104720736454,21.8992302135098,24.9153130277686
"200","DBF4",26.7586870908137,11.7972459522046,18.8309715682194,133.921945250389,24.1445934223268,20.1430950477452,29.7217030261299
"201","AZGP1",0.764190034718204,0.764190034718204,193.982364353985,3.2248740723219,0.922366261140319,0.844220576446602,0.842851357867725
"202","CRYM",3.70021553908377,3.70021553908377,124.731678047854,15.5031359189363,5.35329851312787,7.69133893612143,4.09445439759263
"203","ASCL2",5.92793140098567,5.92793140098567,121.965515023574,5.92793140098567,9.30354014685506,9.16095115878331,7.45767827263844
"204","LRMP",6.77773138075041,15.5744246698493,139.746962293512,2.42966252125936,2.65795979190456,6.80443230308028,5.55227296531293
"205","NOS2",16.6730770540251,7.87299416060143,131.638302362186,7.87299416060143,8.4339329133259,7.87299416060143,9.11407097415468
"206","NREP",0.427738671117574,5.6500693408739,125.53241389208,0.427738671117574,0.580623129181388,0.730918940975547,0.711500237240674
"207","ASCL1",24.1996294758326,7.54445908406354,34.1619410346123,7.54445908406354,7.92530137295924,9.75398422960935,7.95987129855735
"208","HOMER3",7.80033552656205,16.8062775593188,109.969190370573,2.50549679066768,8.30230019201569,13.924536034534,24.4087244809559
"209","INPP5B",21.6805671030962,14.5021733993527,143.453626088991,30.40410118367,16.1490034145032,14.7695318004527,5.93853256930282
"210","IL1B",12.7242726865431,12.7242726865431,93.5202665711565,12.7242726865431,13.7929035084191,14.3830444977443,25.1791440815034
"211","FGF1",25.7959398688438,17.2150842199413,36.8454940675299,17.2150842199413,19.7874565205132,17.2150842199413,17.2150842199413
"212","COLCA2",25.0490439307144,3.60783528842852,103.517659050722,15.1160818224908,20.0336529580496,11.3053313159352,8.91489979642979
"213","TUBB2B",9.35745722325371,9.35745722325371,122.824691615653,9.35745722325371,9.35745722325371,13.4198010359006,9.35745722325371
"214","MYC",6.23425732177646,22.1704979193645,147.588963907028,6.23425732177646,7.3615700611689,16.461210958158,30.036043707971
"215","FRAT2",10.4247404381783,4.48150708097109,105.052583941502,28.7722153126941,11.3268449693522,16.3286057203275,16.0471723128984
"216","HOXA1",25.5437358684437,15.1582880590934,157.527489049303,15.1582880590934,27.1067926725402,20.4143491492323,22.261779973031
"217","NKX3-1",11.8914035470863,11.8914035470863,181.186665183459,11.8914035470863,14.375864816325,32.8986661701592,15.5635014335641
"218","GYS2",17.1861377510904,17.1861377510904,110.760399396998,45.7070607008903,18.9954172435028,17.1861377510904,17.1861377510904
"219","MLLT11",14.7454210781925,14.7454210781925,128.023568844161,14.7454210781925,14.7454210781925,14.7454210781925,30.5865535265908
"220","FMNL2",16.7707185604868,33.6281560691764,102.539000199621,9.81353078648958,16.1507186587944,22.0638936694123,20.3639099126601
"221","ACADSB",7.00776691052365,7.00776691052365,115.22153474012,18.6373711299197,17.0372819805118,19.2586584602006,18.6377212038102
"222","RAPGEF5",42.7301286016838,51.6890777476141,75.9529484058006,13.4122133018098,19.0381959050232,32.918457116026,16.6379613713686
"223","KCNN3",23.7128848216895,7.39271192069326,162.679172433058,7.39271192069326,13.9298645895125,19.9596611519894,12.7856308350944
"224","SOX4",7.52353872728828,24.1799829995644,100.374850555036,19.0513796950408,5.95260252537174,25.3518338997834,13.7004473718249
"225","HOTAIRM1",32.4593384328523,38.7262577823852,71.7091242161299,26.499476399394,27.2577096831587,16.2549696968168,15.1750665537454
"226","POU2F3",18.4514925485887,8.48912389376903,136.023463584326,8.48912389376903,14.4792029413921,18.8899861024812,15.1487270325405
"227","TSN",13.6631578122805,35.4007173401207,170.333064825001,49.8402495079609,23.4595258690119,36.5106023972771,26.0125509435154
"228","RAD51L3-RFFL",15.7260957783543,15.7260957783543,48.3850135994035,15.7260957783543,32.5141522913426,35.5983437150311,46.5686755642028
"229","RFFL",15.7260957783543,15.7260957783543,48.3850135994035,15.7260957783543,32.5141522913426,35.5983437150311,46.5686755642028
"230","LFNG",11.9028269951189,7.98462650492728,66.2149713983166,7.98462650492728,14.8405371848987,7.98462650492728,18.8578899094978
"231","PRDM1",14.4623683993749,14.4623683993749,111.281325330424,14.4623683993749,23.1763056726763,40.001404638178,26.0096106827166
"232","TUBB3",6.11690879910566,67.1414991259769,96.19146611121,6.11690879910566,7.21177891086591,12.2542964750554,9.23322589411941
"233","ALPL",25.7031129759253,11.0768068763484,87.0183885686902,11.0768068763484,14.8290961992846,32.1160180739084,45.4967720981154
"234","PDXP",45.536138489272,53.9413739165354,120.606350171142,13.9966361228925,39.5150338089588,27.2653626392284,24.8924426922736
"235","NIFK",35.7478808396187,15.7232533859152,110.905997136216,48.3373446240717,46.8977697420255,20.9147995557397,40.2923418984726
"236","IL23A",25.1808325579416,12.8359863161745,158.443432356154,12.8359863161745,15.8940558416249,14.9306213483421,12.8359863161745
"237","EPB41L4A-AS1",8.28819652589195,4.6815593368561,81.9311176187988,30.0565927500418,12.8144659245324,21.5966892848471,40.423032461678
"238","TMEM185B",17.3405607198511,12.2835882961258,119.210427063296,12.2835882961258,34.2848144844425,52.8821325696865,39.7219498462869
"239","SPTSSB",9.43077686654551,63.2594119495678,85.3939159861693,9.43077686654551,28.0308236844554,18.2391771502142,15.9195198189823
"240","MAFF",49.056975981369,148.059312242105,123.823062022527,15.1467191129936,32.5707416431083,72.6256939745273,41.6412472418664
"241","KYNU",23.9422774502213,13.5237131736111,119.684235263895,13.5237131736111,24.5616262198838,62.5844850728801,37.3689437706271
"242","DIP2B",46.3723973388497,41.1379032209023,167.846826824141,11.5678175244516,21.3296314577821,57.9751423900186,59.2905910801629
"243","AHCY",7.40302806702347,45.3283767710372,70.3984353494292,50.400167389874,17.5511687530935,28.5144718705058,45.1524286878517
"244","HDAC2",28.7704968510874,42.2965274005844,124.266652514016,64.6587134179986,33.1462676505408,36.9805010915447,35.97897239989
"245","ADAM10",37.5990243989949,111.103834994484,121.638071381137,21.4912901950264,31.1281545299727,60.296622372046,50.5899056923787
"246","XPO5",16.278060285082,11.5309414748371,47.4191160285443,30.6668926760671,35.7650365597398,30.0301239482429,28.5704555404902
"247","SH3BP4",35.0534431946351,29.9690663658563,180.972742021072,42.7838351698991,24.0266206502508,28.9330614292745,20.1475435830298
"248","CCNJ",53.6907264539821,16.3953662174435,94.4456456132445,16.3953662174435,23.8745900432436,40.8520008494852,35.9027548162312
"249","NAV1",56.7091397698809,9.62005970095533,83.3728382297142,51.9525556347522,25.0418927011185,56.2396596705233,37.8558848958005
"250","SKAP2",25.4092228649934,67.3613741933027,173.444152943908,5.94060667312368,54.1474655287174,37.0974104442472,34.9954361700186
"251","TMPRSS11E",2.47578541651259,98.0483402006754,2.47578541651259,2.47578541651259,2.47578541651259,2.47578541651259,3.41226531643523
"252","CFTR",1.91684967110374,103.999438172944,1.91684967110374,1.91684967110374,2.88203182055962,4.40161994205348,2.36133342065051
"253","CLCNKA",3.65002274202202,129.835469441556,3.65002274202202,3.65002274202202,3.65002274202202,3.65002274202202,4.05484404968895
"254","POSTN",4.14955376837591,44.742350225186,4.14955376837591,4.14955376837591,4.14955376837591,4.81209157195878,4.66555831571987
"255","CLCNKB",4.18587078136224,129.738636744466,4.18587078136224,4.18587078136224,4.58787788070046,4.92838347885653,4.18587078136224
"256","THBS1",3.15187522145532,102.78257353957,2.23270390194452,2.23270390194452,4.19335871208031,7.34576496131568,9.67082522630368
"257","AMACR",2.05097861724938,72.9571307172963,4.45231173661407,6.56358283561986,4.26022973674185,4.53115900400384,2.80862649744452
"258","FXYD2",6.26140910225759,176.997684348379,6.26140910225759,6.26140910225759,6.26140910225759,6.26140910225759,6.26140910225759
"259","C1QTNF3-AMACR",2.05097861724938,72.9571307172963,4.45231173661407,6.56358283561986,4.26022973674185,4.53115900400384,2.80862649744452
"260","FXYD6-FXYD2",6.98277281631597,177.461209002595,6.98277281631597,6.98277281631597,7.61369476361931,8.1939201076349,6.98277281631597
"261","LTBP2",7.51056527847855,185.474140172958,7.51056527847855,7.51056527847855,7.51056527847855,9.69760108623147,9.29867140799316
"262","ATP6V1B1",1.79051074473154,158.559204297728,3.963355199772,1.79051074473154,2.26617926518979,3.79669045154133,2.19404761099307
"263","FOXI1",1.0341536352133,100.491647296809,5.17223017080571,1.0341536352133,1.14032401924414,1.52909168286967,1.43219256726868
"264","SDC2",7.46714181498772,138.908901827643,7.46714181498772,7.46714181498772,8.46505516532247,7.46714181498772,10.3849769573264
"265","NEURL1",6.04710283893654,110.323390402876,9.60205912376784,3.41568526616299,3.62994577136273,4.50039480847341,4.08879330341375
"266","EFHD1",5.69755512637582,123.819670134284,3.38570480120811,3.38570480120811,3.6133167381763,3.70682740573458,4.59379762709423
"267","ATP6V0A4",5.04644391394068,107.46763037986,5.04644391394068,13.4211724378556,10.8132517373043,6.46631935255662,6.32329336096103
"268","ASCL3",1.55127639840634,76.881149366243,19.6153300260948,1.55127639840634,1.55127639840634,1.55127639840634,1.55127639840634
"269","TMEM61",6.59538174302882,169.668359558897,5.91452018928041,3.61713736364691,7.73528135398133,6.24628171661407,5.20771950581806
"270","AKR1B1",5.24584782465847,54.9531014516011,17.8936974565634,8.63141115472063,7.23800037409939,3.47126656768658,4.53751936461364
"271","RCAN2",9.13817920980228,54.180466324364,9.13817920980228,9.13817920980228,9.43247378812527,14.2145405078263,9.13817920980228
"272","SNTB1",14.3883542820483,96.5280464401618,21.9794849614842,14.6385105390272,16.2836912715173,13.527770379175,14.7375955258915
"273","ATP6V1G3",13.2191981165135,45.2984014666241,13.2191981165135,13.2191981165135,13.2191981165135,13.2191981165135,13.2191981165135
"274","PDE1C",8.3697892069073,137.012632921007,13.7261800521167,8.3697892069073,10.8020814268663,13.5086812016718,11.1538952003525
"275","TFCP2L1",5.29005629775293,135.883631897368,8.96242047281608,4.831328853164,2.67741462654912,7.65818792963318,8.10454788655912
"276","LINC01187",17.5871694442666,12.4582793046746,12.4582793046746,12.4582793046746,13.0873973171887,14.5578630889091,13.3779538532391
"277","RARRES2",14.9520489515687,318.06541269302,8.81283772119763,36.9239628286861,16.5278643137003,13.8664060884352,10.9990030984869
"278","TMPRSS13",8.07628531869313,19.1467513708052,15.1229313060563,25.1076600900955,10.6720596723399,15.7395837870189,10.4830231708171
"279","NGFR",3.93129583725828,130.403591990332,18.8489125290863,3.93129583725828,4.2310848978215,7.56150132416312,14.8888786000309
"280","KCNMA1",13.0645331182879,109.025614035077,4.27302473473975,4.27302473473975,8.52028875349174,5.02311377499642,7.54193425903963
"281","SLC35F3",13.9381518443455,9.87341307071043,9.87341307071043,9.87341307071043,9.87341307071043,11.31095519502,9.87341307071043
"282","STAP1",22.9120449046632,250.148986186653,10.8190224970084,10.8190224970084,10.8190224970084,10.8190224970084,11.6501949322416
"283","TRIM47",12.2505364283012,183.235627201288,5.24388421398277,5.24388421398277,20.4963716392727,14.4586661375087,8.40280918373256
"284","GPR116",15.8052150071633,75.9865953065636,6.2474975760328,6.2474975760328,8.83996967334951,8.49515968225463,6.2474975760328
"285","NRIP3",24.2743454448912,83.1529102985943,9.95159694501155,9.95159694501155,14.236352677844,15.0043417472077,27.413299596091
"286","MGAT5",19.8124996729037,64.1574639082153,11.5105064422411,10.6491790186454,11.8989913211414,12.000201077537,5.93216651072098
"287","TBC1D4",8.19426631961207,84.5363653846012,17.7883025210078,8.19426631961207,11.8047277633717,12.2863147143993,11.8190025753707
"288","BSND",17.4515094422013,229.843495172948,17.4515094422013,17.4515094422013,21.0225052549213,17.4515094422013,17.4515094422013
"289","ITPR2",20.8167092982764,67.8845195466019,4.51069472847238,4.51069472847238,7.62421748858679,7.39894690348085,10.5569740389504
"290","SEMA3C",25.0113617441123,100.857589017288,17.2600415316664,22.0315524015367,18.4773668625809,14.9578301590537,18.1982164363809
"291","SLC29A1",16.7988727054162,195.87002150093,22.6000343370167,6.10462214428584,11.0646591838153,12.0371376764077,6.10462214428584
"292","DMRT2",3.76385508801983,114.129831959412,11.2355299384676,2.51183258533545,5.88104768099543,3.0570203285018,3.66665841043563
"293","SSFA2",17.2350325451928,182.895673799895,29.5412138637984,9.43803658619545,8.65611405893108,22.1603039932672,14.6576720848228
"294","NCALD",23.9920019519933,66.6422922583806,4.47324963092088,4.47324963092088,23.4329411488643,6.24908763871296,5.82118016107339
"295","ATP6V0D2",26.7738055876315,170.023263076027,9.91033793022788,9.91033793022788,12.9775102882369,11.4918724180305,9.91033793022788
"296","ATP7A",4.66934329299161,42.0752534207454,31.6223685370455,19.5635802722312,11.5488403673925,24.3216575849138,12.0039154717405
"297","CGNL1",23.8345192732494,119.979436156619,10.797611489596,10.797611489596,14.0860180128266,14.1941395722781,10.797611489596
"298","CDA",6.3855835592227,94.8447986028274,20.2866275317556,6.3855835592227,6.98034266507201,6.3855835592227,7.35808989238232
"299","SULT1C2",19.4748710481041,19.4748710481041,33.6996578013283,19.4748710481041,20.9493006765078,22.2641599713819,19.4748710481041
"300","NCKAP5",13.0363951373223,13.0363951373223,27.9018338543931,13.0363951373223,16.4451029327375,18.217777508809,32.4970758427985
"301","LOC286367",118.328376366223,11.9205770011555,11.9205770011555,11.9205770011555,16.7605832907966,14.1889681581228,14.2442760913192
"302","SLC2A3",101.024661405638,7.60701208412147,7.60701208412147,7.60701208412147,16.8382539398678,32.6119316222835,12.956123951735
"303","EXD3",86.5757586666692,13.2963062793333,7.98936528386805,17.6703826468885,19.3275467312059,11.590987506529,10.8763508535996
"304","MAB21L3",66.6788226584299,27.7596774613978,5.22185151666608,15.5901755716719,19.0836996555225,12.1877381242817,7.03423009386356
"305","LINC-PINT",53.5132679512243,10.9556487379165,27.4539259258582,10.9556487379165,16.6619771154607,16.9785939471077,13.6373718858961
"306","KCNJ14",90.4246867409799,16.8775717729727,16.8775717729727,16.8775717729727,20.6136532742812,16.8775717729727,20.2992194572608
"307","AKR1D1",102.241147619595,2.64697278052,13.7789657117549,29.8301472754925,15.5874408723982,8.02448679934642,7.14121688042014
"308","LOC728730",92.9362667650683,41.453972550756,26.565998836783,18.9634308192032,22.1252569978062,13.7630451537037,9.8062810317191
"309","MYO3B",86.2082715425641,5.05423564703095,10.9718514379582,5.05423564703095,20.037220639991,14.636578118,9.41007409184503
"310","VNN1",112.897373663546,11.7192018038342,11.7192018038342,11.7192018038342,16.1713742395643,20.8299621957504,15.1838898664407
"311","ATP8B4",104.170890143338,16.5398159750249,16.5398159750249,16.5398159750249,21.7341691360797,18.418875023468,16.5398159750249
"312","MCHR2",69.2908167437273,5.50003333000294,5.50003333000294,5.50003333000294,18.9829465221787,11.1020385076197,11.8567170591967
"313","LIMS3",82.6303133818669,26.1525563141368,10.3785781093589,17.2922206985869,19.7320243439517,9.41743248500815,10.3376173005442
"314","LIMS3L",82.6303133818669,26.1525563141368,10.3785781093589,17.2922206985869,19.7320243439517,9.41743248500815,10.3376173005442
"315","FAM74A3",89.1701979152704,8.02195547243094,27.5173269909274,25.6720225184836,22.8571675274435,16.5929230605472,11.9108095950317
"316","LRRC2",98.276360683141,43.956642350387,6.52877560834731,3.98104027585142,25.6867948141151,17.0818273440165,10.5559473082097
"317","LINC00696",122.022955697325,56.2891927841603,8.19543942488454,5.01207692366699,24.2980053611647,21.1543251292331,14.000396566579
"318","RSRP1",67.9782034194942,21.5450706188208,7.52990015443276,10.7684151807679,22.8172707809066,11.4175774231648,10.3641275538833
"319","LOC100507053",106.360688726817,8.43899192221309,8.43899192221309,8.43899192221309,22.9991288728831,12.9468502096715,12.5990586115907
"320","POU5F1",107.793069864821,17.1842812742464,17.1842812742464,17.1842812742464,24.7732936278093,31.2773445263924,17.1842812742464
"321","ANKRD62",77.200625893494,16.9714488844823,7.59265271977902,12.9528323430143,21.2277209677484,16.8704325605196,10.2983940681214
"322","ZNF114",102.475447223571,3.84296731813521,3.84296731813521,3.84296731813521,21.9156347000677,21.1458989005485,8.45057697673491
"323","LINC00663",98.2893053638098,30.060204807339,16.0005070827748,10.6684336260336,25.2680915192951,14.9809411516399,6.32894727395165
"324","BLZF1",74.1753058885782,9.36392611826177,31.3304305367422,39.2329089516326,24.5704402144832,20.5708475236375,14.4494630048272
"325","VSTM4",84.0108621420605,7.86734311781949,12.600064501914,22.1178832768988,21.2968106475254,11.1144017755951,9.18121604593324
"326","LOC400891",98.4900590925308,5.0973019183622,6.49011967707554,5.47345247351057,22.3544317511733,10.2187615111538,6.82628127378085
"327","LINC01212",98.586354374373,22.549480201912,8.30495985245477,26.3970517565785,23.1645587905416,11.6753845970162,6.86035267256587
"328","TLR7",116.155397070594,5.20010427396748,27.0369650269489,21.9443864544398,24.8703375380204,17.6539275737461,7.45824212908431
"329","BSN-AS2",100.568342104902,6.32145239850909,13.755656461108,6.32145239850909,25.5573966693545,20.5309514980324,12.965927962114
"330","NCRUPAR",85.7719059847352,13.7362114586681,38.5777241996596,24.1561821494324,21.052684114856,15.6504594555998,14.2398115329111
"331","TPT1-AS1",70.4275558020888,12.4639822025539,12.4639822025539,12.4639822025539,18.9876916127749,15.0943911157684,19.8666908293327
"332","UGDH-AS1",78.2250800249338,16.2734947381954,10.2285489550561,11.207199820272,26.4318183748546,12.0263921760108,6.61245881233026
"333","LOC100128531",97.7917582155011,6.35896338945895,18.1145991778584,28.3015561757217,19.230425026308,10.4033085270945,12.0906837234494
"334","ZFP14",65.2016339371397,5.27040698643615,5.27040698643615,5.27040698643615,25.0676552988612,14.8331576725315,11.1517009345475
"335","DMBX1",121.814385385763,24.0684820232751,12.124848548382,2.74037878309829,27.9525490579385,11.6374465509603,9.51017059149398
"336","ZNF625",66.5313103247271,12.0070670414878,12.732552953357,10.7875496714371,26.8567888785508,11.571853498538,12.3672205912471
"337","PDE6A",71.6846161226725,4.01566683859933,11.13241409758,17.872350201606,24.9271534925368,15.0595710002532,12.1437732403853
"338","NPIPB5",71.6352661492182,17.0771265658989,5.21766252649006,20.6661452795877,14.0170906838688,15.0733243376063,12.328235742304
"339","DAK",99.5120272230973,23.250715227775,13.7349272733781,11.526206890423,23.962682258344,15.9893791984699,12.0571834088394
"340","ZNF169",121.050333386205,44.2308219744636,12.4375341837336,12.4375341837336,20.6436249061821,16.5566655856874,14.5472786205939
"341","PDCD7",72.726230917706,4.34883641036997,39.1123594669056,4.34883641036997,28.1521622637203,17.1630090837849,18.1382760387698
"342","ACSS3",62.918965647565,3.87621647937772,20.8194137440362,17.2517046759882,20.95718110504,22.3429558607107,8.02512216714723
"343","GON4L",106.232369087017,14.9721581769943,13.6696232778908,30.6962444553043,30.0261169877261,15.0911048385809,15.8608638281938
"344","LILRB3",101.399150470918,3.4810789530797,21.1236503167617,3.4810789530797,25.7598135510896,16.3333941755434,11.2362263640149
"345","EGFEM1P",100.323896756272,5.59871029386255,13.8119865414221,5.59871029386255,28.7671806638385,13.0022222040854,11.1504566477139
"346","GRAMD1B",95.3127845706447,14.7882533010022,14.7882533010022,14.7882533010022,23.6225932561904,27.9816781303765,19.3383989131944
"347","VWDE",54.9039569065576,19.3386406917834,33.4639224078142,19.3386406917834,26.8090944195108,21.8565682802339,21.8426404706007
"348","HIPK1-AS1",76.3276272250141,35.9641263434848,9.75529848118094,23.1706129396223,19.6603090132692,12.3268327219289,9.55058652495732
"349","KCNQ1OT1",75.6412301239236,25.2275691421604,7.64908072908447,13.7758925102104,29.759878921224,18.8318987737153,7.54818025275384
"350","FAM95C",91.5350514675009,6.8203392956844,14.8412482425331,6.8203392956844,24.0542783181074,6.8203392956844,9.6672345102036
